source,details
https://yallacompare.com/uae/en/personal-loans/,Sign upLog inInsuranceCar InsuranceHealth InsuranceTravel InsuranceHome InsuranceLife InsuranceCar WarrantyPet InsuranceGroup Health InsuranceBanking productsPersonal LoansCredit CardsCar LoansHome Lo
https://yallacompare.com/uae/en/personal-loans/,InsuranceCar InsuranceHealth InsuranceTravel InsuranceHome InsuranceLife InsuranceCar WarrantyPet InsuranceGroup Health InsuranceBanking productsPersonal LoansCredit CardsCar LoansHome LoansSME LoansS
https://yallacompare.com/uae/en/personal-loans/,Banking productsPersonal LoansCredit CardsCar LoansHome LoansSME LoansSavingsDeposit AccountsCurrent AccountsSME Accounts
https://yallacompare.com/uae/en/personal-loans/,Personal LoansCredit CardsCar LoansHome LoansSME LoansSavingsDeposit AccountsCurrent AccountsSME Accounts
https://yallacompare.com/uae/en/personal-loans/,Money Saving Tools & TipsYour Money BlogNew to TownCar Loan CalculatorMortgage CalculatorDebt Ratio Calculator
https://yallacompare.com/uae/en/personal-loans/,Your Money BlogNew to TownCar Loan CalculatorMortgage CalculatorDebt Ratio Calculator
https://yallacompare.com/uae/en/personal-loans/,Home>Personal Loans
https://yallacompare.com/uae/en/personal-loans/,Personal Loans
https://yallacompare.com/uae/en/personal-loans/,XCompare Personal LoansCannot add more products.Compare
https://yallacompare.com/uae/en/personal-loans/,Compare Personal LoansCannot add more products.Compare
https://yallacompare.com/uae/en/personal-loans/,Compare Personal Loans
https://yallacompare.com/uae/en/personal-loans/,XCompare Personal Loans
https://yallacompare.com/uae/en/personal-loans/,"WE COMPARE 70+ PERSONAL LOANSThere are many reasons for taking out a personal loan in the UAE, which usually revolve around making a large purchase. When you take a loan from a bank you will then repa"
https://yallacompare.com/uae/en/personal-loans/,Looking for Specifics?Try FiltersReset AllSalaryFeatureResetBalance TransferIslamic FinanceNo Salary TransferSalary TransferSharia CompliantBankResetAbu Dhabi Islamic BankAjman BankAl Hilal BankAl Wif
https://yallacompare.com/uae/en/personal-loans/,Reset AllSalaryFeatureResetBalance TransferIslamic FinanceNo Salary TransferSalary TransferSharia CompliantBankResetAbu Dhabi Islamic BankAjman BankAl Hilal BankAl WifaqArab BankCBD Attijari Al Islami
https://yallacompare.com/uae/en/personal-loans/,Monthly Payment CalculatorLoan Amount ( AED )Term ( years )*Calculations are based on flat ratesCalculate
https://yallacompare.com/uae/en/personal-loans/,Loan Amount ( AED )
https://yallacompare.com/uae/en/personal-loans/,"There don't seem to be any products that match those specificsCompareEmirates Islamic - Personal Finance for UAE NationalsAED
                    
                    10,000Minimum SalaryAED
         "
https://yallacompare.com/uae/en/personal-loans/,"Emirates Islamic - Personal Finance for UAE NationalsAED
                    
                    10,000Minimum SalaryAED
                        
                        
                            "
https://yallacompare.com/uae/en/personal-loans/,"HSBC - Personal LoanAED
                    
                    7,500Minimum SalaryAED
                        
                        
                            2,262Monthly Payment4.09%Flat Rate"
https://yallacompare.com/uae/en/personal-loans/,HSBC - Personal Loan
https://yallacompare.com/uae/en/personal-loans/,"Emirates NBD - ٍSalary Transfer Personal Loan for UAE NationalsAED
                    
                    5,000Minimum SalaryAED
                        
                        
                   "
https://yallacompare.com/uae/en/personal-loans/,Emirates NBD - ٍSalary Transfer Personal Loan for UAE Nationals
https://yallacompare.com/uae/en/personal-loans/,"Commercial Bank of Dubai - Personal LoanAED
                    
                    8,000Minimum SalaryAED
                        
                        
                            2,220Monthly P"
https://yallacompare.com/uae/en/personal-loans/,Commercial Bank of Dubai - Personal Loan
https://yallacompare.com/uae/en/personal-loans/,"Emirates NBD - Non Salary Transfer Personal LoanAED
                    
                    10,000Minimum SalaryAED
                        
                        
                            2,437"
https://yallacompare.com/uae/en/personal-loans/,Emirates NBD - Non Salary Transfer Personal Loan
https://yallacompare.com/uae/en/personal-loans/,"Emirates NBD - Salary Transfer Personal Loans for ExpatriatesAED
                    
                    5,000Minimum SalaryAED
                        
                        
                     "
https://yallacompare.com/uae/en/personal-loans/,Emirates NBD - Salary Transfer Personal Loans for Expatriates
https://yallacompare.com/uae/en/personal-loans/,"Compare Personal LoansLooking for a personal loan? Perhaps you’re getting married, want to invest in further education or are in need of some home-improvements. Use yallacompare to find the best perso"
https://yallacompare.com/uae/en/personal-loans/,"Looking for a personal loan? Perhaps you’re getting married, want to invest in further education or are in need of some home-improvements. Use yallacompare to find the best personal loan offers in the"
https://yallacompare.com/uae/en/personal-loans/,"Got a question?Can I transfer my loan to a different bank that charges lower interest?Yes, certain banks do allow you to transfer an existing loan to another provider that charges a lower rate of inte"
https://yallacompare.com/uae/en/personal-loans/,"Can I transfer my loan to a different bank that charges lower interest?Yes, certain banks do allow you to transfer an existing loan to another provider that charges a lower rate of interest.Do I need "
https://yallacompare.com/uae/en/personal-loans/,Can I transfer my loan to a different bank that charges lower interest?
https://yallacompare.com/uae/en/personal-loans/,"Yes, certain banks do allow you to transfer an existing loan to another provider that charges a lower rate of interest."
https://yallacompare.com/uae/en/personal-loans/,Do I need to take out insurance on my personal loan?
https://yallacompare.com/uae/en/personal-loans/,"Some loan providers may provide insurance cover on your loan. If not, we advise that you take out your own insurance to cover you in the event of being unable to repay your loan due to loss of job, il"
https://yallacompare.com/uae/en/personal-loans/,What if I need to extend my personal loan?
https://yallacompare.com/uae/en/personal-loans/,"If you wish to extend your personal loan, contact your loan provider. They may be happy to extend your current loan or you may be able to refinance which means you buy out your loan by another bank."
https://yallacompare.com/uae/en/personal-loans/,What documents do I need in order to apply for a personal loan?
https://yallacompare.com/uae/en/personal-loans/,"This will depend on your chosen loan provider but in most cases, you will need to show:Salary Transfer CertificateCopy of valid passportProof of UAE residency statusThree months of bank statements tha"
https://yallacompare.com/uae/en/personal-loans/,"Rates on personal loans can be calculated in two ways - as a reducing rate or as a flat rate. With a flat rate, the rate is calculated on the entire principal amount of a loan (the full, original amou"
https://yallacompare.com/uae/en/personal-loans/,"This relates to the fee applicable if you decide to pay off your loan early. If, for example, you take a personal loan for three years but expect to be in a position to pay if off before then, any ear"
https://yallacompare.com/uae/en/personal-loans/,What key criteria should I consider before taking out a personal loan?
https://yallacompare.com/uae/en/personal-loans/,Amount required – UAE banks have a maximum loan amount they will provide you so decide how much you want to borrow and then compare those banks whose maximum loan amounts exceed this. There is a maxim
https://yallacompare.com/uae/en/personal-loans/,What can I use a personal loan for?
https://yallacompare.com/uae/en/personal-loans/,"You can use a personal loan for any number of reasons. They are often taken out to cover the costs of travel, a marriage or home improvements. As the name suggests, a personal loan can be used for any"
https://yallacompare.com/uae/en/personal-loans/,How do I choose a personal loan provider?
https://yallacompare.com/uae/en/personal-loans/,"Compare, compare, compare! Use our smart comparison tools to choose the best personal loan for you."
https://yallacompare.com/uae/en/personal-loans/,"Compare our insurance productsCar InsuranceHealth InsuranceLife InsuranceHome InsuranceTravel InsurancePet InsuranceNeed More InformationNews, Guides & AdviceTerms and ConditionsPrivacy PolicyAbout Us"
https://yallacompare.com/uae/en/personal-loans/,"Need More InformationNews, Guides & AdviceTerms and ConditionsPrivacy PolicyAbout UsContact UsPersonal LoansEmirates NBDFinance HouseADIBCredit CardsCiti BankAmerican ExpressMashreqADIBCar LoansEmirat"
https://yallacompare.com/uae/en/personal-loans/,Personal LoansEmirates NBDFinance HouseADIB
https://yallacompare.com/uae/en/personal-loans/,Car LoansEmirates NBD Auto LoanBanque MisrADIB
https://yallacompare.com/uae/en/personal-loans/,Home LoansMashreqADIB
https://yallacompare.com/uae/en/personal-loans/,"yallacompare United Arab EmiratesInformation found on yallacompare is provided for illustrative purposes only, rates are subject to change based on your personal circumstances. You should always speak"
